country_id,year,education_value
ABW,2010,16.5599994659424
AFG,2014,35.060001373291
AFG,2017,42.8400001525879
AFG,2020,53.7599983215332
AGO,2004,30.9599990844727
AGO,2009,25.8099994659424
AGO,2011,10.0100002288818
AGO,2014,30.6200008392334
ALB,2002,41.7999992370605
ALB,2005,35.189998626709
ALB,2007,33.7700004577637
ALB,2008,28.1700000762939
ALB,2009,30.7299995422363
ALB,2010,29.7199993133545
ALB,2011,30.0100002288818
ALB,2012,27.6499996185303
ALB,2013,30.9799995422363
ALB,2014,31.3899993896484
ALB,2015,29.8199996948242
ALB,2016,27.3899993896484
ALB,2017,26.2299995422363
ALB,2018,26.6100006103516
ALB,2019,25.8199996948242
ARG,2004,20.9799995422363
ARG,2005,19.8700008392334
ARG,2006,19.5100002288818
ARG,2008,19.4200000762939
ARG,2009,20.0400009155273
ARG,2010,19.4599990844727
ARG,2011,18.3999996185303
ARG,2012,18.4099998474121
ARG,2013,19.0699996948242
ARG,2014,19.6700000762939
ARG,2017,19.25
ARG,2018,19.0200004577637
ARG,2019,19.2299995422363
ARG,2020,22.3299999237061
ARM,2009,40.5200004577637
ARM,2011,44.5999984741211
ARM,2012,36.7700004577637
ARM,2013,44.3699989318848
ARM,2014,38.0299987792969
ARM,2015,35.560001373291
ARM,2016,36.5800018310547
ARM,2017,36.5900001525879
ARM,2018,29.5200004577637
ARM,2019,26.0400009155273
ARM,2020,26.0799999237061
AUS,2009,11.3999996185303
AUS,2010,11.3199996948242
AUS,2011,10.5900001525879
AUS,2012,9.90999984741211
AUS,2013,11.0200004577637
AUS,2014,10.0900001525879
AUS,2015,9.80000019073486
AUS,2016,8.6899995803833
AUS,2017,8.9399995803833
AUT,2004,12.6000003814697
AUT,2005,11.8400001525879
AUT,2006,11.2200002670288
AUT,2007,10.710000038147
AUT,2008,10.3699998855591
AUT,2009,11.7299995422363
AUT,2010,10.789999961853
AUT,2011,10.5600004196167
AUT,2012,10.1599998474121
AUT,2013,10.3400001525879
AUT,2014,10.7600002288818
AUT,2015,11.039999961853
AUT,2016,10.9099998474121
AUT,2017,10.4499998092651
AUT,2018,10.4200000762939
AUT,2019,11.0100002288818
AUT,2020,11.4200000762939
BDI,2006,11.3000001907349
BDI,2014,5.07000017166138
BDI,2017,6.19000005722046
BDI,2020,11.1700000762939
BEL,2004,8.55000019073486
BEL,2005,13.0200004577637
BEL,2006,11.2399997711182
BEL,2007,11.1599998474121
BEL,2008,10.1400003433228
BEL,2009,11.0799999237061
BEL,2010,10.8599996566772
BEL,2011,11.8100004196167
BEL,2012,12.3500003814697
BEL,2013,12.6800003051758
BEL,2014,12.0500001907349
BEL,2015,12.1800003051758
BEL,2016,9.89000034332275
BEL,2017,9.31999969482422
BEL,2018,9.14999961853027
BEL,2019,9.25
BEL,2020,9.21000003814697
BEN,2011,17.2299995422363
BEN,2018,35.0999984741211
BFA,2018,41.0
BGD,2005,30.9899997711182
BGD,2006,32.2599983215332
BGD,2010,30.0599994659424
BGD,2013,32.0400009155273
BGD,2016,28.8799991607666
BGD,2017,27.3899993896484
BGR,2003,28.2900009155273
BGR,2004,24.3700008392334
BGR,2005,25.0499992370605
BGR,2006,22.2399997711182
BGR,2007,19.1399993896484
BGR,2008,17.3999996185303
BGR,2009,19.4500007629395
BGR,2010,21.0300006866455
BGR,2011,21.8099994659424
BGR,2012,21.5300006866455
BGR,2013,21.6000003814697
BGR,2014,20.2399997711182
BGR,2015,19.2800006866455
BGR,2016,18.2000007629395
BGR,2017,15.3100004196167
BGR,2018,15.039999961853
BGR,2019,13.7200002670288
BGR,2020,14.4399995803833
BIH,2001,32.4500007629395
BIH,2006,35.4900016784668
BIH,2007,32.3600006103516
BIH,2008,27.3700008392334
BIH,2009,26.6299991607666
BIH,2010,28.7299995422363
BIH,2011,28.2999992370605
BIH,2012,28.9200000762939
BIH,2013,26.6299991607666
BIH,2014,27.1000003814697
BIH,2015,28.3500003814697
BIH,2016,27.0900001525879
BIH,2017,25.5100002288818
BIH,2018,22.6100006103516
BIH,2019,22.6000003814697
BIH,2020,21.8099994659424
BLR,2009,12.0799999237061
BLR,2016,0.479999989271164
BLR,2017,0.379999995231628
BLR,2018,0.540000021457672
BLR,2019,9.25
BLR,2020,9.18000030517578
BLZ,2012,11.9499998092651
BLZ,2013,27.9300003051758
BLZ,2014,27.7900009155273
BLZ,2015,27.6800003051758
BLZ,2016,27.3799991607666
BLZ,2017,27.3799991607666
BLZ,2019,24.8799991607666
BMU,2010,6.78999996185303
BOL,2000,14.3699998855591
BOL,2001,22.9300003051758
BOL,2002,21.3799991607666
BOL,2004,13.0799999237061
BOL,2005,12.0799999237061
BOL,2006,10.789999961853
BOL,2007,11.0200004577637
BOL,2008,9.6899995803833
BOL,2009,9.18000030517578
BOL,2011,10.8500003814697
BOL,2012,10.4099998474121
BOL,2013,10.4499998092651
BOL,2014,11.1599998474121
BOL,2015,14.5600004196167
BOL,2016,10.789999961853
BOL,2017,11.5799999237061
BOL,2018,10.8299999237061
BOL,2019,10.2399997711182
BOL,2020,13.6999998092651
BRA,2001,19.6499996185303
BRA,2002,19.2399997711182
BRA,2003,19.2800006866455
BRA,2004,18.9899997711182
BRA,2005,19.0699996948242
BRA,2006,19.2399997711182
BRA,2007,19.1800003051758
BRA,2008,18.3199996948242
BRA,2009,18.7900009155273
BRA,2011,19.3999996185303
BRA,2012,20.5400009155273
BRA,2013,20.8999996185303
BRA,2014,20.6900005340576
BRA,2015,22.1000003814697
BRA,2016,23.7999992370605
BRA,2017,24.8700008392334
BRA,2018,24.6000003814697
BRA,2019,23.9899997711182
BRA,2020,25.9899997711182
BRB,2016,28.9899997711182
BRN,2014,17.1100006103516
BRN,2017,19.9699993133545
BRN,2018,20.7199993133545
BRN,2019,20.0900001525879
BRN,2020,21.4300003051758
BTN,2018,15.1899995803833
BTN,2019,10.4099998474121
BTN,2020,11.9700002670288
BWA,2006,42.3400001525879
BWA,2009,35.6699981689453
BWA,2019,31.9799995422363
BWA,2020,37.1399993896484
CAN,2000,13.8999996185303
CAN,2001,13.3299999237061
CAN,2002,13.2200002670288
CAN,2003,13.1899995803833
CAN,2004,13.0900001525879
CAN,2005,12.7799997329712
CAN,2006,12.3699998855591
CAN,2007,12.3199996948242
CAN,2008,12.7399997711182
CAN,2009,14.3599996566772
CAN,2010,14.1000003814697
CAN,2011,13.6199998855591
CAN,2012,13.789999961853
CAN,2013,13.4799995422363
CAN,2014,13.8999996185303
CAN,2015,13.8199996948242
CAN,2016,13.5
CAN,2017,12.5799999237061
CAN,2018,12.8400001525879
CAN,2019,12.3599996566772
CAN,2020,17.9300003051758
CEB,2004,15.8156780016599
CEB,2005,15.5449507894285
CEB,2006,13.2381115940855
CEB,2007,11.4152899875604
CEB,2008,10.3083827226056
CEB,2009,12.1030357575712
CEB,2010,13.0969418187891
CEB,2011,13.5129578404791
CEB,2012,13.7125608115062
CEB,2013,14.0556088369401
CEB,2014,13.5741067268364
CEB,2015,12.9760717964765
CEB,2016,12.3402340574563
CEB,2017,11.1223149670597
CEB,2018,10.3219007220357
CEB,2019,10.0124703109003
CEB,2020,10.5350116809228
CHE,2000,5.76000022888184
CHE,2001,6.23999977111816
CHE,2002,6.69999980926514
CHE,2003,8.63000011444092
CHE,2004,7.98000001907349
CHE,2005,8.67000007629395
CHE,2006,8.56999969482422
CHE,2007,7.8600001335144
CHE,2008,8.02999973297119
CHE,2009,8.4399995803833
CHE,2010,8.44999980926514
CHE,2011,7.90999984741211
CHE,2012,8.80000019073486
CHE,2013,9.57999992370605
CHE,2014,9.10999965667725
CHE,2015,9.35000038146973
CHE,2016,8.67000007629395
CHE,2017,8.13000011444092
CHE,2018,7.92999982833862
CHE,2019,7.71000003814697
CHE,2020,8.61999988555908
CHL,2000,24.0300006866455
CHL,2003,20.5400009155273
CHL,2006,19.8899993896484
CHL,2009,23.2000007629395
CHL,2010,19.1599998474121
CHL,2011,19.1700000762939
CHL,2012,17.8600006103516
CHL,2013,18.3099994659424
CHL,2014,18.6299991607666
CHL,2015,19.1499996185303
CHL,2016,17.1000003814697
CHL,2017,16.5200004577637
CHL,2018,15.8199996948242
CHL,2019,16.5
CHL,2020,20.5200004577637
CIV,2012,22.7600002288818
CIV,2013,17.5100002288818
CIV,2016,25.7600002288818
CIV,2017,34.8300018310547
CIV,2019,21.9200000762939
CMR,2007,11.1199998855591
CMR,2010,10.789999961853
CMR,2014,17.0100002288818
COD,2005,18.4599990844727
COD,2012,21.3600006103516
COD,2020,31.3700008392334
COG,2005,29.8700008392334
COG,2009,22.2700004577637
COL,2002,29.9400005340576
COL,2003,28.0900001525879
COL,2004,28.7399997711182
COL,2005,27.7199993133545
COL,2007,26.6900005340576
COL,2008,25.5400009155273
COL,2009,24.9599990844727
COL,2010,23.5599994659424
COL,2011,23.3899993896484
COL,2012,22.4799995422363
COL,2013,22.0900001525879
COL,2014,21.3899993896484
COL,2015,20.9400005340576
COL,2016,20.9799995422363
COL,2017,21.7800006866455
COL,2018,22.5900001525879
COL,2019,23.9500007629395
COM,2004,37.1699981689453
COM,2014,27.5799999237061
CPV,2017,31.3999996185303
CPV,2018,30.25
CPV,2019,27.9899997711182
CRI,2001,21.9599990844727
CRI,2002,20.7600002288818
CRI,2003,21.6200008392334
CRI,2004,20.1700000762939
CRI,2005,18.6599998474121
CRI,2006,18.4699993133545
CRI,2007,17.4699993133545
CRI,2008,17.3199996948242
CRI,2009,19.6399993896484
CRI,2010,19.0900001525879
CRI,2011,21.1399993896484
CRI,2012,17.5699996948242
CRI,2013,17.9699993133545
CRI,2014,18.3099994659424
CRI,2015,18.6499996185303
CRI,2016,20.4500007629395
CRI,2017,19.9599990844727
CRI,2018,18.6800003051758
CRI,2019,17.5799999237061
CRI,2020,19.9500007629395
CSS,2019,25.1161193258054
CUW,2018,5.05999994277954
CUW,2020,17.4599990844727
CYP,2000,10.0500001907349
CYP,2001,7.76999998092651
CYP,2002,8.38000011444092
CYP,2003,8.93000030517578
CYP,2004,21.7900009155273
CYP,2005,19.5200004577637
CYP,2006,10.7299995422363
CYP,2007,8.98999977111816
CYP,2008,9.64999961853027
CYP,2009,9.89999961853027
CYP,2010,11.6800003051758
CYP,2011,14.6400003433228
CYP,2012,15.9799995422363
CYP,2013,18.6700000762939
CYP,2014,17.0100002288818
CYP,2015,15.3000001907349
CYP,2016,16.0200004577637
CYP,2017,16.0900001525879
CYP,2018,13.210000038147
CYP,2019,13.6599998474121
CYP,2020,14.3599996566772
CZE,2000,61.7299995422363
CZE,2001,64.0199966430664
CZE,2002,14.6300001144409
CZE,2003,13.960000038147
CZE,2004,13.8199996948242
CZE,2005,13.4099998474121
CZE,2006,9.48999977111816
CZE,2007,7.09999990463257
CZE,2008,6.82000017166138
CZE,2009,8.60999965667725
CZE,2010,9.03999996185303
CZE,2011,8.72000026702881
CZE,2012,9.22999954223633
CZE,2013,9.44999980926514
CZE,2014,8.42000007629395
CZE,2015,7.71999979019165
CZE,2016,7.15000009536743
CZE,2017,6.40000009536743
CZE,2018,5.73999977111816
CZE,2019,5.82000017166138
CZE,2020,6.67999982833862
DEU,2003,10.0299997329712
DEU,2004,10.0799999237061
DEU,2005,11.2799997329712
DEU,2006,10.0600004196167
DEU,2007,9.30000019073486
DEU,2008,8.43000030517578
DEU,2009,8.80000019073486
DEU,2010,8.30000019073486
DEU,2011,7.48999977111816
DEU,2012,7.09999990463257
DEU,2013,6.25
DEU,2014,6.3600001335144
DEU,2015,6.17000007629395
DEU,2016,6.69000005722046
DEU,2017,6.26000022888184
DEU,2018,5.90000009536743
DEU,2019,5.65999984741211
DEU,2020,7.42000007629395
DJI,2017,22.8199996948242
DNK,2003,5.44000005722046
DNK,2004,5.44999980926514
DNK,2005,4.30999994277954
DNK,2006,3.61999988555908
DNK,2007,4.30000019073486
DNK,2008,5.17999982833862
DNK,2009,6.48000001907349
DNK,2010,6.8600001335144
DNK,2011,7.19000005722046
DNK,2012,7.34999990463257
DNK,2013,6.63000011444092
DNK,2014,6.3899998664856
DNK,2015,7.03000020980835
DNK,2016,6.71999979019165
DNK,2017,7.57999992370605
DNK,2018,7.67999982833862
DNK,2019,7.71999979019165
DNK,2020,7.44000005722046
DOM,2000,19.8500003814697
DOM,2001,21.0900001525879
DOM,2002,20.5100002288818
DOM,2003,21.1299991607666
DOM,2004,20.7999992370605
DOM,2005,20.5100002288818
DOM,2006,19.5400009155273
DOM,2007,19.2999992370605
DOM,2008,19.2900009155273
DOM,2009,21.7399997711182
DOM,2010,21.0100002288818
DOM,2011,20.0799999237061
DOM,2012,20.3500003814697
DOM,2013,20.9599990844727
DOM,2014,19.6499996185303
DOM,2015,25.2299995422363
DOM,2016,25.3700008392334
DOM,2017,24.3400001525879
DOM,2018,24.5
DOM,2019,24.7700004577637
DOM,2020,37.7000007629395
DZA,2009,25.4500007629395
DZA,2010,24.5300006866455
DZA,2011,26.0
DZA,2012,22.7000007629395
DZA,2013,21.5
DZA,2014,22.7999992370605
DZA,2015,21.2000007629395
DZA,2017,20.9500007629395
EAR,2005,33.5621755045016
EAR,2010,28.0948825265479
EAR,2012,25.6423314728943
EAR,2018,27.6762789150401
EAR,2019,27.4856318451514
ECA,2009,21.5924531594885
ECA,2010,20.2168117286372
ECA,2011,20.1335861536963
ECA,2012,19.9031958707454
ECA,2013,17.8924350028058
ECA,2014,18.0447489901708
ECA,2015,17.5160956405175
ECA,2016,17.3706938169094
ECS,2004,16.7417233749139
ECS,2005,17.6060035783453
ECS,2006,16.046368659349
ECS,2007,16.2361895939488
ECS,2008,15.3371781475408
ECS,2009,16.3561135778524
ECS,2010,15.6877288093085
ECS,2011,15.7680763450022
ECS,2012,15.8588911685484
ECS,2013,15.0607178219805
ECS,2014,14.9960542069516
ECS,2015,14.4618195683266
ECS,2016,14.1531625435447
ECS,2017,14.1026396476239
ECS,2018,13.5558287497284
ECS,2019,13.6391972489321
ECU,2000,20.9599990844727
ECU,2001,18.0300006866455
ECU,2003,21.0300006866455
ECU,2004,18.4300003051758
ECU,2005,17.4599990844727
ECU,2006,17.0499992370605
ECU,2007,16.3700008392334
ECU,2008,16.1399993896484
ECU,2009,16.5
ECU,2010,15.6599998474121
ECU,2011,16.4300003051758
ECU,2012,16.5499992370605
ECU,2013,17.3600006103516
ECU,2014,20.2299995422363
ECU,2015,19.8099994659424
ECU,2016,18.4400005340576
ECU,2017,17.5599994659424
ECU,2018,17.6700000762939
ECU,2019,17.5200004577637
EGY,2008,29.6599998474121
EGY,2009,29.8999996185303
EGY,2010,33.0800018310547
EGY,2011,32.0999984741211
EGY,2012,31.5499992370605
EGY,2013,28.3999996185303
EGY,2014,26.2800006866455
EGY,2015,27.6100006103516
EGY,2016,27.6100006103516
EGY,2017,26.8999996185303
EGY,2018,27.0900001525879
EGY,2019,27.9599990844727
EGY,2020,30.1900005340576
EMU,2003,11.160724852121
EMU,2004,12.0286333911784
EMU,2005,12.8024250323958
EMU,2006,11.7514478706769
EMU,2007,11.1327415981723
EMU,2008,11.2554803844979
EMU,2009,13.1457583803837
EMU,2010,12.9816052402523
EMU,2011,12.9177231296553
EMU,2012,13.3089663687239
EMU,2013,13.4162357167114
EMU,2014,13.0871052037556
EMU,2015,12.6391817990658
EMU,2016,12.1401350296896
EMU,2017,11.635006805854
EMU,2018,11.0868013419003
EMU,2019,10.6702967492151
EMU,2020,11.6486185116699
ESP,2003,11.6899995803833
ESP,2004,11.7600002288818
ESP,2005,12.960000038147
ESP,2006,11.8299999237061
ESP,2007,12.0299997329712
ESP,2008,14.25
ESP,2009,18.0900001525879
ESP,2010,17.8099994659424
ESP,2011,18.25
ESP,2012,18.6000003814697
ESP,2013,18.6299991607666
ESP,2014,17.1399993896484
ESP,2015,15.6400003433228
ESP,2016,14.6199998855591
ESP,2017,13.3199996948242
ESP,2018,12.4499998092651
ESP,2019,12.1300001144409
ESP,2020,13.8800001144409
EST,2003,12.1199998855591
EST,2004,15.5600004196167
EST,2005,10.9399995803833
EST,2006,9.18000030517578
EST,2007,9.38000011444092
EST,2008,9.17000007629395
EST,2009,14.6199998855591
EST,2010,14.0699996948242
EST,2011,11.539999961853
EST,2012,12.3000001907349
EST,2013,11.4200000762939
EST,2014,12.039999961853
EST,2015,10.8400001525879
EST,2016,9.19999980926514
EST,2017,9.42000007629395
EST,2018,9.85000038146973
EST,2019,6.94000005722046
EST,2020,8.84000015258789
ETH,2013,10.4799995422363
EUU,2003,12.2751589036651
EUU,2004,12.8436829439709
EUU,2005,13.5232946113124
EUU,2006,12.0526791972044
EUU,2007,11.1072063242304
EUU,2008,10.8968928167752
EUU,2009,12.7169147872144
EUU,2010,12.7913246238563
EUU,2011,12.8817438890527
EUU,2012,13.2223545819191
EUU,2013,13.378583813552
EUU,2014,13.0081611074895
EUU,2015,12.5332681364135
EUU,2016,12.0120908574791
EUU,2017,11.3581957165448
EUU,2018,10.7946490506607
EUU,2019,10.3955845482498
EUU,2020,11.2610406669922
FIN,2003,10.960000038147
FIN,2004,9.77999973297119
FIN,2005,8.09000015258789
FIN,2006,7.8600001335144
FIN,2007,7.09000015258789
FIN,2008,7.94999980926514
FIN,2009,9.84000015258789
FIN,2010,9.02000045776367
FIN,2011,8.43000030517578
FIN,2012,8.5600004196167
FIN,2013,9.30000019073486
FIN,2014,10.1700000762939
FIN,2015,10.5600004196167
FIN,2016,9.92000007629395
FIN,2017,9.39999961853027
FIN,2018,8.52000045776367
FIN,2019,8.15999984741211
FIN,2020,9.25
FJI,2005,20.5499992370605
FJI,2011,18.3999996185303
FJI,2014,19.0900001525879
FJI,2016,20.0900001525879
FRA,2002,8.90999984741211
FRA,2003,9.52000045776367
FRA,2004,10.6899995803833
FRA,2005,11.3500003814697
FRA,2006,11.7799997329712
FRA,2007,11.0
FRA,2008,10.8699998855591
FRA,2009,14.3400001525879
FRA,2010,12.8800001144409
FRA,2011,12.4099998474121
FRA,2012,12.8400001525879
FRA,2013,13.4300003051758
FRA,2014,13.5
FRA,2015,13.9700002670288
FRA,2016,13.9399995803833
FRA,2017,13.4300003051758
FRA,2018,13.0799999237061
FRA,2019,12.6199998855591
FRA,2020,12.6999998092651
FSM,2014,28.6700000762939
GBR,2004,5.44999980926514
GBR,2005,8.42000007629395
GBR,2006,8.55000019073486
GBR,2007,11.8999996185303
GBR,2008,12.0900001525879
GBR,2009,13.2200002670288
GBR,2010,13.6199998855591
GBR,2011,14.2399997711182
GBR,2012,13.8800001144409
GBR,2013,13.2399997711182
GBR,2014,11.8599996566772
GBR,2015,11.0500001907349
GBR,2016,10.8900003433228
GBR,2017,10.3100004196167
GBR,2018,10.4499998092651
GBR,2019,10.5200004577637
GEO,2012,32.560001373291
GEO,2013,30.9500007629395
GEO,2014,28.7700004577637
GEO,2015,27.4400005340576
GEO,2016,26.8199996948242
GEO,2017,24.7600002288818
GEO,2018,26.8500003814697
GEO,2019,26.0
GEO,2020,24.9099998474121
GHA,2000,30.3700008392334
GHA,2006,26.9200000762939
GHA,2010,20.25
GHA,2013,14.1300001144409
GHA,2015,25.5599994659424
GHA,2017,23.0
GIN,2002,24.3999996185303
GIN,2019,34.2999992370605
GMB,2012,34.0
GMB,2018,29.4400005340576
GNB,2018,24.2999992370605
GRC,2000,24.9599990844727
GRC,2001,24.5100002288818
GRC,2002,24.0
GRC,2003,29.1100006103516
GRC,2004,24.5200004577637
GRC,2005,22.4400005340576
GRC,2006,13.3299999237061
GRC,2007,13.0500001907349
GRC,2008,13.1000003814697
GRC,2009,13.4700002670288
GRC,2010,15.7700004577637
GRC,2011,18.3099994659424
GRC,2012,21.1299991607666
GRC,2013,21.2399997711182
GRC,2014,19.8700008392334
GRC,2015,17.8999996185303
GRC,2016,16.2399997711182
GRC,2017,15.8800001144409
GRC,2018,14.6899995803833
GRC,2019,12.9799995422363
GRC,2020,13.5299997329712
GTM,2003,22.8999996185303
GTM,2004,29.5300006866455
GTM,2006,24.5300006866455
GTM,2010,27.8600006103516
GTM,2011,25.1100006103516
GTM,2012,22.9099998474121
GTM,2013,27.6499996185303
GTM,2014,26.8999996185303
GTM,2015,26.6599998474121
GTM,2016,27.4200000762939
GTM,2017,27.2600002288818
GTM,2018,27.7900009155273
GTM,2019,28.1900005340576
GUY,2018,43.9000015258789
GUY,2019,46.3899993896484
HIC,2004,15.6976230212102
HIC,2005,12.8255763764367
HIC,2006,11.9926041812721
HIC,2007,11.4728288432559
HIC,2008,11.7473960939192
HIC,2009,12.7004950209194
HIC,2010,12.7674514797695
HIC,2011,13.4262441257411
HIC,2012,12.4964269548363
HIC,2013,12.678125477845
HIC,2014,12.0629055956246
HIC,2015,11.609386987694
HIC,2016,11.1928790579679
HIC,2017,10.53798163868
HIC,2018,10.3534349638471
HIC,2019,10.3907964290788
HIC,2020,13.4180642129654
HKG,2009,7.40999984741211
HND,2005,27.0200004577637
HND,2006,26.8400001525879
HND,2007,27.5799999237061
HND,2008,25.8899993896484
HND,2009,26.6200008392334
HND,2010,26.2099990844727
HND,2011,27.5499992370605
HND,2012,28.6700000762939
HND,2013,26.8099994659424
HND,2014,28.6700000762939
HND,2015,26.9599990844727
HND,2016,27.8199996948242
HND,2017,27.7199993133545
HND,2018,26.6200008392334
HND,2019,26.7999992370605
HRV,2005,16.7199993133545
HRV,2006,14.1800003051758
HRV,2007,12.8699998855591
HRV,2008,11.6199998855591
HRV,2009,13.4300003051758
HRV,2010,15.6700000762939
HRV,2011,16.2199993133545
HRV,2012,16.5900001525879
HRV,2013,19.6299991607666
HRV,2014,19.3299999237061
HRV,2015,18.1200008392334
HRV,2016,16.8999996185303
HRV,2017,15.3500003814697
HRV,2018,13.5699996948242
HRV,2019,11.7799997329712
HRV,2020,12.2399997711182
HTI,2012,21.0900001525879
HUN,2004,12.3800001144409
HUN,2005,18.7900009155273
HUN,2006,12.4300003051758
HUN,2007,11.460000038147
HUN,2008,11.460000038147
HUN,2009,13.6099996566772
HUN,2010,12.5600004196167
HUN,2011,13.210000038147
HUN,2012,14.7799997329712
HUN,2013,15.4700002670288
HUN,2014,13.6199998855591
HUN,2015,11.5799999237061
HUN,2016,11.0500001907349
HUN,2017,11.039999961853
HUN,2018,10.7299995422363
HUN,2019,11.0
HUN,2020,11.710000038147
IDB,2011,30.2259336451492
IDB,2013,29.5954351458266
IDB,2019,31.3683830015896
IDN,2000,29.3799991607666
IDN,2001,29.8500003814697
IDN,2002,31.0599994659424
IDN,2003,31.5200004577637
IDN,2004,31.4200000762939
IDN,2005,31.8600006103516
IDN,2006,30.4200000762939
IDN,2007,30.0300006866455
IDN,2008,28.1499996185303
IDN,2009,27.6700000762939
IDN,2010,26.6499996185303
IDN,2011,25.8999996185303
IDN,2012,22.9500007629395
IDN,2013,22.8899993896484
IDN,2014,22.3500003814697
IDN,2015,22.9200000762939
IDN,2016,22.4799995422363
IDN,2017,21.4500007629395
IDN,2018,21.7399997711182
IDN,2019,20.5499992370605
IDN,2020,21.7999992370605
IND,2000,32.7099990844727
IND,2004,26.1299991607666
IND,2005,36.0800018310547
IND,2010,28.9400005340576
IND,2012,26.8600006103516
IND,2018,30.8099994659424
IND,2019,31.2000007629395
IRL,2003,8.84000015258789
IRL,2004,10.3599996566772
IRL,2005,15.1300001144409
IRL,2006,14.4300003051758
IRL,2007,10.0600004196167
IRL,2008,12.5200004577637
IRL,2009,18.2900009155273
IRL,2010,19.4300003051758
IRL,2011,19.1399993896484
IRL,2012,19.1800003051758
IRL,2013,16.4200000762939
IRL,2014,15.2399997711182
IRL,2015,14.25
IRL,2016,12.5699996948242
IRL,2017,10.9300003051758
IRL,2018,10.0699996948242
IRL,2019,10.0900001525879
IRL,2020,12.0200004577637
IRN,2005,36.0099983215332
IRN,2006,35.810001373291
IRN,2007,34.4599990844727
IRN,2008,34.189998626709
IRN,2009,34.8300018310547
IRN,2010,34.4300003051758
IRN,2011,32.9000015258789
IRN,2012,32.0999984741211
IRN,2013,33.4500007629395
IRN,2014,33.3300018310547
IRN,2015,32.75
IRN,2016,32.3800010681152
IRN,2017,32.2599983215332
IRN,2018,32.0900001525879
IRN,2019,30.3999996185303
IRN,2020,29.3999996185303
IRQ,2007,46.2400016784668
IRQ,2012,40.6399993896484
ISL,2003,4.48000001907349
ISL,2004,6.92999982833862
ISL,2005,4.65999984741211
ISL,2006,4.80000019073486
ISL,2007,4.09999990463257
ISL,2008,4.32000017166138
ISL,2009,7.32999992370605
ISL,2010,7.34999990463257
ISL,2011,6.69000005722046
ISL,2012,5.8899998664856
ISL,2013,5.46999979019165
ISL,2014,5.71999979019165
ISL,2015,4.55000019073486
ISL,2016,4.11999988555908
ISL,2017,3.86999988555908
ISL,2018,4.86999988555908
ISL,2019,4.71000003814697
ISL,2020,6.03000020980835
ISR,2012,15.3800001144409
ISR,2013,14.4200000762939
ISR,2014,14.4700002670288
ISR,2015,14.3100004196167
ISR,2016,13.6800003051758
ISR,2017,13.5699996948242
ISR,2018,14.6700000762939
ISR,2019,15.4499998092651
ISR,2020,17.2600002288818
ITA,2004,16.2700004577637
ITA,2005,17.0499992370605
ITA,2006,16.7700004577637
ITA,2007,16.1399993896484
ITA,2008,16.5599994659424
ITA,2009,17.5499992370605
ITA,2010,18.9699993133545
ITA,2011,19.6399993896484
ITA,2012,20.9400005340576
ITA,2013,22.1399993896484
ITA,2014,22.0400009155273
ITA,2015,21.3299999237061
ITA,2016,19.7999992370605
ITA,2017,19.9899997711182
ITA,2018,19.1900005340576
ITA,2019,18.0499992370605
ITA,2020,18.9300003051758
JAM,2008,27.8400001525879
JAM,2009,30.7000007629395
JAM,2010,31.6100006103516
JAM,2011,31.5200004577637
JAM,2012,32.2999992370605
JAM,2013,33.7799987792969
JAM,2014,32.9599990844727
JAM,2016,29.7600002288818
JAM,2017,27.8799991607666
JAM,2018,26.0599994659424
JAM,2019,22.9099998474121
JAM,2020,29.6599998474121
JOR,2017,38.060001373291
JOR,2018,36.5200004577637
JOR,2019,36.0
JOR,2020,35.3800010681152
JPN,2009,4.42999982833862
JPN,2010,4.34000015258789
JPN,2012,4.26000022888184
JPN,2013,3.96000003814697
JPN,2014,3.74000000953674
JPN,2015,3.66000008583069
JPN,2016,3.54999995231628
JPN,2017,3.3199999332428
JPN,2018,2.97000002861023
JPN,2019,3.14000010490417
KAZ,2001,18.6000003814697
KAZ,2002,14.8800001144409
KAZ,2003,13.5299997329712
KAZ,2004,13.2399997711182
KAZ,2005,12.8100004196167
KAZ,2006,12.5
KAZ,2007,10.7299995422363
KAZ,2008,9.71000003814697
KAZ,2009,9.55000019073486
KAZ,2010,8.19999980926514
KAZ,2011,7.80000019073486
KAZ,2012,8.02999973297119
KAZ,2013,8.02000045776367
KAZ,2014,8.76000022888184
KAZ,2015,8.46000003814697
KAZ,2016,9.48999977111816
KEN,2005,22.7000007629395
KEN,2006,22.7000007629395
KEN,2016,13.7299995422363
KEN,2019,19.6700000762939
KGZ,2009,17.7999992370605
KGZ,2010,18.4599990844727
KGZ,2011,60.5400009155273
KGZ,2012,62.4599990844727
KGZ,2013,21.2299995422363
KGZ,2014,20.7199993133545
KGZ,2015,21.4200000762939
KGZ,2016,20.3999996185303
KGZ,2017,21.0200004577637
KGZ,2018,17.5400009155273
KGZ,2019,18.1100006103516
KGZ,2020,18.0699996948242
KHM,2000,10.3400001525879
KHM,2001,6.13000011444092
KHM,2007,8.05000019073486
KHM,2008,8.63000011444092
KHM,2009,7.13000011444092
KHM,2010,5.30999994277954
KHM,2011,5.09999990463257
KHM,2012,12.7200002670288
KHM,2013,6.34000015258789
KHM,2014,6.32000017166138
KHM,2015,6.59000015258789
KHM,2016,6.40999984741211
KHM,2017,6.46000003814697
KHM,2019,11.3800001144409
KIR,2015,46.8899993896484
KIR,2019,52.0099983215332
KOR,2000,11.5900001525879
KOR,2001,11.7399997711182
KOR,2002,10.7600002288818
KOR,2003,67.1399993896484
KOR,2004,66.6699981689453
KOR,2005,12.4499998092651
KOR,2006,11.4899997711182
KOR,2007,10.1400003433228
KOR,2008,10.289999961853
KOR,2009,10.789999961853
KOR,2010,10.8999996185303
KOR,2011,11.1700000762939
KOR,2012,10.9300003051758
KOR,2013,10.9200000762939
KOR,2014,10.5900001525879
KOR,2015,12.0699996948242
KOR,2016,12.1199998855591
KOR,2017,12.1000003814697
KOR,2018,12.4300003051758
KOR,2019,12.5
KOR,2020,13.3100004196167
LAC,2004,20.7094745736012
LAC,2005,20.8035314623651
LAC,2006,19.7967366792005
LAC,2007,20.1496279380981
LAC,2008,19.7571959220615
LAC,2009,20.1954184427515
LAC,2011,20.2393332939897
LAC,2012,20.2685081524887
LAC,2013,20.5417005335594
LAC,2014,20.6343628043158
LAC,2015,21.2649186066585
LAC,2016,21.9319126013757
LAC,2017,21.8560072362843
LAC,2018,21.7691527426806
LAC,2019,21.5924824388696
LAC,2020,23.9023934205045
LAO,2010,5.11999988555908
LAO,2017,25.7999992370605
LBN,2007,21.2999992370605
LBN,2019,23.5200004577637
LBR,2010,24.2800006866455
LBR,2014,15.1300001144409
LBR,2016,13.2299995422363
LBR,2017,40.7799987792969
LCA,2017,33.6599998474121
LCA,2018,32.4900016784668
LCA,2019,29.8700008392334
LCA,2020,35.4099998474121
LCN,2005,21.0535249067379
LCN,2006,20.072282439062
LCN,2007,20.3436532604819
LCN,2008,19.9755614958536
LCN,2009,20.3046894917898
LCN,2011,20.1292697202351
LCN,2012,20.1417651399773
LCN,2013,20.5156805661109
LCN,2014,20.550450788729
LCN,2015,21.1620823978638
LCN,2016,21.6446074128117
LCN,2017,21.7068701769538
LCN,2018,21.5274553642073
LCN,2019,21.3674768338812
LCN,2020,23.7118507100225
LKA,2010,26.6800003051758
LKA,2011,26.5200004577637
LKA,2013,27.4599990844727
LKA,2014,28.7999992370605
LKA,2015,26.6299991607666
LKA,2016,27.0900001525879
LKA,2017,24.7199993133545
LKA,2018,24.1800003051758
LKA,2019,21.2099990844727
LMC,2010,27.5825449758701
LMC,2012,25.4122690251095
LMC,2018,27.9979399110879
LMC,2019,28.3158180588558
LSO,2019,35.1500015258789
LTU,2004,9.88000011444092
LTU,2005,8.77000045776367
LTU,2006,8.31999969482422
LTU,2007,7.07000017166138
LTU,2008,8.85000038146973
LTU,2009,12.1199998855591
LTU,2010,13.1700000762939
LTU,2011,11.8199996948242
LTU,2012,11.1700000762939
LTU,2013,11.1400003433228
LTU,2014,9.90999984741211
LTU,2015,9.19999980926514
LTU,2016,9.40999984741211
LTU,2017,9.14999961853027
LTU,2018,8.03999996185303
LTU,2019,8.64999961853027
LTU,2020,10.7600002288818
LUX,2003,5.1399998664856
LUX,2004,6.25
LUX,2005,5.5
LUX,2006,6.69000005722046
LUX,2007,5.65999984741211
LUX,2008,6.21000003814697
LUX,2009,5.78999996185303
LUX,2010,5.11999988555908
LUX,2011,4.73999977111816
LUX,2012,5.8899998664856
LUX,2013,4.98999977111816
LUX,2014,6.26000022888184
LUX,2015,6.17000007629395
LUX,2016,5.36999988555908
LUX,2017,5.90999984741211
LUX,2018,5.28000020980835
LUX,2019,5.59999990463257
LUX,2020,6.55000019073486
LVA,2003,12.7299995422363
LVA,2004,12.3400001525879
LVA,2005,10.8900003433228
LVA,2006,11.460000038147
LVA,2007,11.9399995803833
LVA,2008,11.8199996948242
LVA,2009,17.4899997711182
LVA,2010,17.8099994659424
LVA,2011,16.0300006866455
LVA,2012,14.8900003433228
LVA,2013,13.0299997329712
LVA,2014,12.0100002288818
LVA,2015,10.5200004577637
LVA,2016,11.210000038147
LVA,2017,10.2600002288818
LVA,2018,7.84000015258789
LVA,2019,7.8600001335144
LVA,2020,7.05999994277954
MAC,2009,7.19000005722046
MAC,2010,6.19000005722046
MAC,2011,6.30000019073486
MAC,2012,5.76000022888184
MAC,2013,5.26999998092651
MAC,2014,5.0
MAC,2015,5.30999994277954
MAC,2016,4.96000003814697
MDA,2000,24.8500003814697
MDA,2001,24.7700004577637
MDA,2002,25.5699996948242
MDA,2003,25.1399993896484
MDA,2004,26.5900001525879
MDA,2005,26.4400005340576
MDA,2006,23.6000003814697
MDA,2007,22.8500003814697
MDA,2008,20.5400009155273
MDA,2009,21.2299995422363
MDA,2010,19.4500007629395
MDA,2011,19.7199993133545
MDA,2012,19.2800006866455
MDA,2013,18.6299991607666
MDA,2014,16.8500003814697
MDA,2015,15.7700004577637
MDA,2016,16.2700004577637
MDA,2017,16.9200000762939
MDA,2018,17.8299999237061
MDA,2019,17.4799995422363
MDA,2020,15.5900001525879
MDG,2012,3.78999996185303
MDV,2009,32.5400009155273
MDV,2014,21.8400001525879
MDV,2016,23.7900009155273
MDV,2019,26.2700004577637
MEX,2005,21.4599990844727
MEX,2006,21.2999992370605
MEX,2007,21.0900001525879
MEX,2008,21.9099998474121
MEX,2009,22.1399993896484
MEX,2010,22.1800003051758
MEX,2011,21.8199996948242
MEX,2012,21.1399993896484
MEX,2013,20.4699993133545
MEX,2014,20.2800006866455
MEX,2015,19.75
MEX,2016,19.5499992370605
MEX,2017,18.7299995422363
MEX,2018,18.4099998474121
MEX,2019,18.2999992370605
MEX,2020,20.3899993896484
MHL,2019,42.939998626709
MKD,2006,34.4799995422363
MKD,2007,33.6500015258789
MKD,2008,31.2399997711182
MKD,2009,27.9400005340576
MKD,2010,26.4200000762939
MKD,2011,25.3199996948242
MKD,2012,25.2299995422363
MKD,2013,24.6399993896484
MKD,2014,25.6900005340576
MKD,2015,24.9300003051758
MKD,2016,24.9799995422363
MKD,2017,25.6100006103516
MKD,2018,25.0799999237061
MKD,2019,18.8099994659424
MKD,2020,19.8099994659424
MLI,2010,13.4700002670288
MLI,2013,18.2199993133545
MLI,2014,21.3099994659424
MLI,2015,24.9400005340576
MLI,2016,33.9799995422363
MLI,2017,28.5599994659424
MLI,2018,26.7199993133545
MLI,2020,30.8600006103516
MLT,2004,12.2200002670288
MLT,2005,11.8999996185303
MLT,2006,10.3400001525879
MLT,2007,11.539999961853
MLT,2008,8.27000045776367
MLT,2009,9.88000011444092
MLT,2010,9.52999973297119
MLT,2011,10.1800003051758
MLT,2012,10.8199996948242
MLT,2013,9.90999984741211
MLT,2014,10.2700004577637
MLT,2015,10.539999961853
MLT,2016,8.76000022888184
MLT,2017,8.59000015258789
MLT,2018,7.28000020980835
MLT,2019,8.5600004196167
MLT,2020,9.30000019073486
MMR,2015,18.6200008392334
MMR,2017,16.5900001525879
MMR,2018,12.789999961853
MMR,2019,13.7799997329712
MMR,2020,15.0200004577637
MNA,2012,31.5728261476053
MNA,2014,30.5395002652432
MNE,2011,16.3199996948242
MNE,2012,16.9400005340576
MNE,2013,17.8700008392334
MNE,2014,17.7199993133545
MNE,2015,19.1499996185303
MNE,2016,18.3999996185303
MNE,2017,16.6900005340576
MNE,2018,16.2999992370605
MNE,2019,17.3400001525879
MNE,2020,21.0900001525879
MNG,2006,18.5100002288818
MNG,2008,17.8400001525879
MNG,2009,18.7000007629395
MNG,2010,17.6299991607666
MNG,2011,16.5400009155273
MNG,2012,17.5900001525879
MNG,2013,18.3899993896484
MNG,2014,17.4500007629395
MNG,2015,16.8099994659424
MNG,2016,20.4500007629395
MNG,2017,19.8199996948242
MNG,2018,18.8799991607666
MNG,2019,18.4500007629395
MNG,2020,18.5
MRT,2012,39.7000007629395
MRT,2017,35.5299987792969
MRT,2019,44.0800018310547
MUS,2001,33.8400001525879
MUS,2002,30.2199993133545
MUS,2003,27.3600006103516
MUS,2004,27.9899997711182
MUS,2005,28.4799995422363
MUS,2006,22.2299995422363
MUS,2007,20.6100006103516
MUS,2008,21.3400001525879
MUS,2009,21.8299999237061
MUS,2010,21.5200004577637
MUS,2011,21.5400009155273
MUS,2012,21.6100006103516
MUS,2013,21.1700000762939
MUS,2014,20.8600006103516
MUS,2015,20.0900001525879
MUS,2016,20.3199996948242
MUS,2017,19.9400005340576
MUS,2018,20.4599990844727
MUS,2019,18.0799999237061
MWI,2005,17.2399997711182
MWI,2011,18.0699996948242
MWI,2013,19.4599990844727
MWI,2017,20.9500007629395
MWI,2020,19.4099998474121
MYS,2011,14.3699998855591
MYS,2012,13.9499998092651
MYS,2013,13.6499996185303
MYS,2014,12.7700004577637
MYS,2016,11.6899995803833
MYS,2017,11.8000001907349
MYS,2018,12.4700002670288
MYS,2019,11.4099998474121
MYS,2020,13.6300001144409
NAC,2000,12.5343388351017
NAC,2001,12.9773948742538
NAC,2002,13.4098341668993
NAC,2003,13.5697075058805
NAC,2004,13.1352082918747
NAC,2005,13.1145704882454
NAC,2006,12.451392348054
NAC,2007,12.2928652765435
NAC,2008,13.002263297165
NAC,2009,14.9655999065156
NAC,2010,15.1195827228694
NAC,2011,14.3336389553479
NAC,2012,13.8984200102367
NAC,2013,14.2934623831734
NAC,2014,13.4387976172249
NAC,2015,12.5711951829595
NAC,2016,12.160821291544
NAC,2017,11.12434422654
NAC,2018,11.1065536929858
NAC,2019,10.6019403849443
NAC,2020,14.2872191133502
NAM,2010,34.1199989318848
NAM,2012,31.1499996185303
NAM,2013,32.0099983215332
NAM,2014,30.4699993133545
NAM,2016,33.5499992370605
NAM,2018,31.8799991607666
NCL,2014,11.8400001525879
NCL,2019,27.9099998474121
NCL,2020,33.0200004577637
NER,2011,19.4300003051758
NER,2014,25.2000007629395
NER,2017,68.6600036621094
NGA,2011,29.0900001525879
NGA,2013,27.8500003814697
NGA,2016,35.4199981689453
NGA,2019,36.6500015258789
NIC,2001,26.0799999237061
NIC,2005,22.8199996948242
NIC,2012,15.0200004577637
NIC,2014,24.4899997711182
NLD,2003,4.78000020980835
NLD,2004,4.8600001335144
NLD,2005,6.42999982833862
NLD,2006,4.90000009536743
NLD,2007,4.26999998092651
NLD,2008,3.91000008583069
NLD,2009,4.96000003814697
NLD,2010,4.82999992370605
NLD,2011,4.30999994277954
NLD,2012,4.84999990463257
NLD,2013,5.65000009536743
NLD,2014,5.53000020980835
NLD,2015,4.67000007629395
NLD,2016,4.57000017166138
NLD,2017,4.0
NLD,2018,4.17999982833862
NLD,2019,4.26000022888184
NLD,2020,4.51999998092651
NOR,2003,10.0100002288818
NOR,2004,9.18000030517578
NOR,2005,11.3000001907349
NOR,2006,4.55999994277954
NOR,2007,4.40999984741211
NOR,2008,4.13000011444092
NOR,2009,5.0
NOR,2010,4.90000009536743
NOR,2011,5.03999996185303
NOR,2012,5.15999984741211
NOR,2013,5.63000011444092
NOR,2014,5.46999979019165
NOR,2015,5.03000020980835
NOR,2016,5.36999988555908
NOR,2017,4.59000015258789
NOR,2018,4.84999990463257
NOR,2019,4.75
NOR,2020,4.90000009536743
NPL,2008,23.1299991607666
NPL,2017,34.7599983215332
NRU,2013,36.4000015258789
NZL,2004,10.789999961853
NZL,2005,11.1199998855591
NZL,2006,10.7299995422363
NZL,2007,10.9799995422363
NZL,2008,11.2399997711182
NZL,2009,14.25
NZL,2010,13.6400003433228
NZL,2011,13.4700002670288
NZL,2012,13.7799997329712
NZL,2013,12.210000038147
NZL,2014,11.6599998474121
NZL,2015,11.539999961853
NZL,2016,12.1800003051758
NZL,2017,11.9200000762939
NZL,2018,12.0500001907349
NZL,2019,11.6199998855591
NZL,2020,12.9399995803833
OED,2004,18.8476357758864
OED,2005,16.9665364421894
OED,2006,15.37673942485
OED,2007,15.6705225856721
OED,2008,15.7565101042866
OED,2009,15.9471553306348
OED,2010,15.6930202404267
OED,2011,16.192469146532
OED,2012,15.0850143431688
OED,2013,14.8957802949167
OED,2014,14.373788565897
OED,2015,13.8800185000323
OED,2016,13.5749006842547
OED,2017,13.0629795635813
OED,2018,13.0077610456255
OED,2019,12.9745039276993
OED,2020,15.5169124263576
PAK,2006,36.1699981689453
PAK,2007,34.9700012207031
PAK,2008,33.3300018310547
PAK,2009,31.4699993133545
PAK,2010,31.1000003814697
PAK,2011,32.0
PAK,2013,31.0100002288818
PAK,2014,30.9099998474121
PAK,2015,30.4099998474121
PAK,2018,30.9599990844727
PAK,2019,29.7099990844727
PAN,2003,23.5300006866455
PAN,2008,22.0400009155273
PAN,2009,20.0799999237061
PAN,2010,20.8899993896484
PAN,2011,21.0300006866455
PAN,2012,17.5900001525879
PAN,2013,16.9799995422363
PAN,2014,18.7600002288818
PAN,2015,18.4500007629395
PAN,2016,17.0900001525879
PAN,2017,17.2000007629395
PAN,2018,16.3799991607666
PAN,2019,16.6800003051758
PAN,2020,18.7399997711182
PER,2002,13.7299995422363
PER,2003,20.3199996948242
PER,2004,19.6700000762939
PER,2005,23.9899997711182
PER,2006,18.7399997711182
PER,2007,16.9899997711182
PER,2008,16.6399993896484
PER,2009,16.0799999237061
PER,2010,15.1899995803833
PER,2011,15.8299999237061
PER,2012,15.2399997711182
PER,2013,16.3299999237061
PER,2014,16.6499996185303
PER,2015,18.5900001525879
PER,2016,19.2000007629395
PER,2017,17.3500003814697
PER,2018,17.75
PER,2019,16.8700008392334
PER,2020,25.6800003051758
PHL,2006,24.6800003051758
PHL,2007,25.0300006866455
PHL,2008,24.75
PHL,2009,24.8099994659424
PHL,2010,25.3199996948242
PHL,2011,24.4200000762939
PHL,2012,24.8299999237061
PHL,2013,24.2999992370605
PHL,2014,23.3500003814697
PHL,2015,22.8400001525879
PHL,2016,22.2000007629395
PHL,2017,21.7000007629395
PHL,2018,19.8899993896484
PHL,2019,18.7600002288818
PHL,2020,24.0900001525879
PLW,2000,27.2299995422363
PLW,2014,13.2600002288818
PNG,2010,35.5
POL,2004,14.4799995422363
POL,2005,13.9099998474121
POL,2006,12.6099996566772
POL,2007,10.5900001525879
POL,2008,9.03999996185303
POL,2009,10.1099996566772
POL,2010,10.7700004577637
POL,2011,11.5
POL,2012,11.8199996948242
POL,2013,12.210000038147
POL,2014,11.9799995422363
POL,2015,10.9899997711182
POL,2016,10.5200004577637
POL,2017,9.47999954223633
POL,2018,8.65999984741211
POL,2019,8.13000011444092
POL,2020,8.63000011444092
PRT,2004,10.25
PRT,2005,11.0900001525879
PRT,2006,10.6099996566772
PRT,2007,11.1599998474121
PRT,2008,10.2299995422363
PRT,2009,11.1999998092651
PRT,2010,11.4399995803833
PRT,2011,12.5500001907349
PRT,2012,13.9099998474121
PRT,2013,14.0699996948242
PRT,2014,12.2799997329712
PRT,2015,11.2700004577637
PRT,2016,10.5500001907349
PRT,2017,9.34000015258789
PRT,2018,8.36999988555908
PRT,2019,8.02000045776367
PRT,2020,9.0600004196167
PRY,2001,21.4500007629395
PRY,2002,25.0300006866455
PRY,2003,21.8500003814697
PRY,2004,20.5699996948242
PRY,2005,18.8799991607666
PRY,2006,19.1900005340576
PRY,2007,19.5599994659424
PRY,2008,17.5499992370605
PRY,2009,18.0100002288818
PRY,2010,19.5
PRY,2011,16.9099998474121
PRY,2012,16.0200004577637
PRY,2013,14.5799999237061
PRY,2014,16.8299999237061
PRY,2015,17.4500007629395
PRY,2016,18.5699996948242
PRY,2017,18.5900001525879
PSE,2000,31.8600006103516
PSE,2001,35.5999984741211
PSE,2002,34.5800018310547
PSE,2003,30.4400005340576
PSE,2004,29.8799991607666
PSE,2005,28.9500007629395
PSE,2006,28.2099990844727
PSE,2007,28.1399993896484
PSE,2008,28.7999992370605
PSE,2009,27.9799995422363
PSE,2010,42.7200012207031
PSE,2011,27.1299991607666
PSE,2012,29.3899993896484
PSE,2013,31.1700000762939
PSE,2014,32.4700012207031
PSE,2015,31.6100006103516
PSE,2016,32.2799987792969
PSE,2017,33.0400009155273
PSE,2018,33.1800003051758
PSE,2019,32.6500015258789
PSE,2020,33.6500015258789
PST,2004,15.744730175463
PST,2005,12.6884954938822
PST,2006,11.8626755525332
PST,2007,11.6418651645925
PST,2008,11.9543750741318
PST,2009,12.5767013421258
PST,2010,12.6478451004516
PST,2011,13.3219608359657
PST,2012,12.3216978902011
PST,2013,12.4345215098107
PST,2014,12.1873898049595
PST,2015,11.6089393406309
PST,2016,11.1791146825104
PST,2017,10.4827078325386
PST,2018,10.0846882234582
PST,2019,9.83324737547759
PST,2020,12.8177002557998
ROU,2003,19.3299999237061
ROU,2004,18.8400001525879
ROU,2005,16.7999992370605
ROU,2006,14.7700004577637
ROU,2007,13.3100004196167
ROU,2008,11.5699996948242
ROU,2009,13.9399995803833
ROU,2010,16.6100006103516
ROU,2011,17.4699993133545
ROU,2012,16.8099994659424
ROU,2013,16.9599990844727
ROU,2014,17.0100002288818
ROU,2015,18.0799999237061
ROU,2016,17.3799991607666
ROU,2017,15.1499996185303
ROU,2018,14.5200004577637
ROU,2019,14.6599998474121
ROU,2020,14.75
RUS,2009,14.0799999237061
RUS,2010,14.210000038147
RUS,2011,12.6899995803833
RUS,2012,11.9899997711182
RUS,2013,11.8199996948242
RUS,2014,12.0299997329712
RUS,2015,12.0299997329712
RUS,2016,12.4099998474121
RWA,2014,5.15999984741211
RWA,2017,25.5900001525879
RWA,2018,26.2999992370605
RWA,2019,28.5499992370605
RWA,2020,26.1399993896484
SAS,2000,32.7099990844727
SAS,2004,26.1299991607666
SAS,2005,35.4956355479979
SAS,2010,29.2941636141806
SAS,2012,26.8600006103516
SAS,2018,30.7502389083597
SAS,2019,30.8633244882233
SAU,2019,17.3999996185303
SAU,2020,22.3099994659424
SDN,2011,33.0900001525879
SEN,2015,36.2599983215332
SEN,2016,29.5200004577637
SEN,2017,35.5200004577637
SEN,2018,39.689998626709
SEN,2019,33.9000015258789
SGP,2013,3.70000004768372
SGP,2014,3.59999990463257
SGP,2015,3.59999990463257
SGP,2016,4.09999990463257
SGP,2017,4.5
SGP,2018,4.30000019073486
SGP,2019,4.13000011444092
SGP,2020,4.46000003814697
SLB,2013,7.03999996185303
SLE,2014,32.310001373291
SLE,2018,33.1699981689453
SLV,2009,28.9300003051758
SLV,2010,27.2099990844727
SLV,2011,25.9099998474121
SLV,2012,26.0300006866455
SLV,2013,25.3500003814697
SLV,2014,28.5
SLV,2015,28.5400009155273
SLV,2016,28.2199993133545
SLV,2017,28.3999996185303
SLV,2018,27.1499996185303
SLV,2019,27.9400005340576
SLV,2020,25.1700000762939
SOM,2019,43.7299995422363
SRB,2008,20.3199996948242
SRB,2009,21.6100006103516
SRB,2010,21.2000007629395
SRB,2011,21.6000003814697
SRB,2012,21.6499996185303
SRB,2013,19.7900009155273
SRB,2014,21.0
SRB,2015,20.3600006103516
SRB,2016,18.0799999237061
SRB,2017,17.5799999237061
SRB,2018,16.9799995422363
SRB,2019,15.6599998474121
SRB,2020,16.1800003051758
SUR,2016,18.1900005340576
SVK,2003,19.9699993133545
SVK,2004,19.4500007629395
SVK,2005,16.8600006103516
SVK,2006,13.9200000762939
SVK,2007,11.6300001144409
SVK,2008,11.4300003051758
SVK,2009,12.960000038147
SVK,2010,14.5699996948242
SVK,2011,14.3100004196167
SVK,2012,14.3699998855591
SVK,2013,14.2600002288818
SVK,2014,14.0699996948242
SVK,2015,13.9700002670288
SVK,2016,12.6899995803833
SVK,2017,12.3299999237061
SVK,2018,10.4099998474121
SVK,2019,10.4799995422363
SVK,2020,10.75
SVN,2003,8.0
SVN,2004,7.73000001907349
SVN,2005,8.93000030517578
SVN,2006,8.52000045776367
SVN,2007,6.69999980926514
SVN,2008,6.5
SVN,2009,7.46000003814697
SVN,2010,7.1100001335144
SVN,2011,7.07999992370605
SVN,2012,9.27999973297119
SVN,2013,9.23999977111816
SVN,2014,9.42000007629395
SVN,2015,9.51000022888184
SVN,2016,8.02999973297119
SVN,2017,6.51999998092651
SVN,2018,6.61999988555908
SVN,2019,7.03000020980835
SVN,2020,7.67999982833862
SWE,2003,6.51000022888184
SWE,2004,7.88000011444092
SWE,2005,14.1599998474121
SWE,2006,9.34000015258789
SWE,2007,7.48000001907349
SWE,2008,7.82000017166138
SWE,2009,9.60000038146973
SWE,2010,7.67000007629395
SWE,2011,7.53000020980835
SWE,2012,7.82999992370605
SWE,2013,7.44000005722046
SWE,2014,7.15999984741211
SWE,2015,6.71999979019165
SWE,2016,6.48000001907349
SWE,2017,6.15000009536743
SWE,2018,6.01999998092651
SWE,2019,5.48000001907349
SWE,2020,6.46000003814697
SWZ,2016,35.5
SYC,2019,21.8199996948242
SYC,2020,26.0100002288818
TCD,2018,37.0499992370605
TEC,2009,19.9268479822133
TEC,2010,18.9390619998069
TEC,2011,19.0273954011286
TEC,2012,18.8713130723887
TEC,2013,17.2792347010169
TEC,2014,17.4636103268497
TEC,2015,16.9663276493423
TEC,2016,16.7765189715562
TGO,2006,9.8100004196167
TGO,2011,11.2299995422363
TGO,2015,17.7600002288818
TGO,2017,25.0799999237061
THA,2000,10.4399995803833
THA,2007,10.1499996185303
THA,2009,13.710000038147
THA,2010,12.5200004577637
THA,2011,12.5500001907349
THA,2012,12.8500003814697
THA,2013,14.3699998855591
THA,2014,13.3199996948242
THA,2015,13.5900001525879
THA,2016,14.9700002670288
THA,2017,15.5900001525879
THA,2018,14.7799997329712
THA,2019,14.8800001144409
THA,2020,15.1300001144409
TJK,2003,31.9099998474121
TJK,2007,38.3199996948242
TJK,2009,42.2000007629395
TLA,2005,21.0535249067379
TLA,2006,20.072282439062
TLA,2007,20.3436532604819
TLA,2008,19.9755614958536
TLA,2009,20.3046894917898
TLA,2011,20.1292697202351
TLA,2012,20.1417651399773
TLA,2013,20.5156805661109
TLA,2014,20.550450788729
TLA,2015,21.1620823978638
TLA,2016,21.6417066873038
TLA,2017,21.7068701769538
TLA,2018,21.53168430071
TLA,2019,21.3674768338812
TLA,2020,23.7138005624837
TLS,2010,19.0400009155273
TLS,2013,16.7199993133545
TLS,2016,20.9500007629395
TMN,2012,31.6100195619161
TMN,2014,30.5055417365391
TON,2018,27.9200000762939
TSA,2000,32.7099990844727
TSA,2004,26.1299991607666
TSA,2005,35.4956355479979
TSA,2010,29.2941636141806
TSA,2012,26.8600006103516
TSA,2018,30.7502389083597
TSA,2019,30.8633244882233
TTO,2013,52.0499992370605
TTO,2019,14.6099996566772
TTO,2020,17.0599994659424
TUN,2010,25.2299995422363
TUN,2014,31.5
TUR,2000,39.6500015258789
TUR,2001,40.4300003051758
TUR,2002,41.1399993896484
TUR,2003,41.4000015258789
TUR,2004,42.560001373291
TUR,2005,42.560001373291
TUR,2006,38.5499992370605
TUR,2007,39.2200012207031
TUR,2008,37.0200004577637
TUR,2009,34.939998626709
TUR,2010,32.2900009155273
TUR,2011,29.5599994659424
TUR,2012,28.7199993133545
TUR,2013,25.5300006866455
TUR,2014,24.7900009155273
TUR,2015,23.8899993896484
TUR,2016,23.9500007629395
TUR,2017,24.1800003051758
TUR,2018,24.4099998474121
TUR,2019,26.0200004577637
TUR,2020,28.3199996948242
TUV,2016,34.2599983215332
TZA,2001,12.1499996185303
TZA,2005,9.01000022888184
TZA,2006,9.01000022888184
TZA,2010,14.8699998855591
TZA,2012,10.9399995803833
TZA,2014,14.9300003051758
TZA,2020,14.3500003814697
UGA,2009,6.94999980926514
UGA,2012,14.5299997329712
UGA,2013,5.90999984741211
UGA,2017,19.2000007629395
UKR,2014,19.9799995422363
UKR,2015,17.6299991607666
UKR,2016,18.2600002288818
UKR,2017,16.4699993133545
URY,2000,22.9899997711182
URY,2001,21.1000003814697
URY,2002,22.4699993133545
URY,2003,22.0100002288818
URY,2004,19.6599998474121
URY,2005,19.25
URY,2006,20.5499992370605
URY,2007,19.6599998474121
URY,2008,18.7900009155273
URY,2009,17.8500003814697
URY,2010,18.1200008392334
URY,2011,17.1599998474121
URY,2012,17.7299995422363
URY,2013,18.0400009155273
URY,2014,18.1499996185303
URY,2015,18.7299995422363
URY,2016,18.6800003051758
URY,2017,17.8700008392334
URY,2018,17.9500007629395
URY,2019,17.5799999237061
USA,2000,12.3900003433228
USA,2001,12.9399995803833
USA,2002,13.4300003051758
USA,2003,13.6099996566772
USA,2004,13.1400003433228
USA,2005,13.1499996185303
USA,2006,12.460000038147
USA,2007,12.289999961853
USA,2008,13.0299997329712
USA,2009,15.0299997329712
USA,2010,15.2299995422363
USA,2011,14.4099998474121
USA,2012,13.9099998474121
USA,2013,14.3800001144409
USA,2014,13.3900003433228
USA,2015,12.4399995803833
USA,2016,12.0200004577637
USA,2017,10.9700002670288
USA,2018,10.9200000762939
USA,2019,10.4099998474121
USA,2020,13.8900003433228
VEN,2005,25.5
VEN,2006,24.4500007629395
VEN,2007,23.3899993896484
VEN,2008,23.4899997711182
VEN,2009,20.8500003814697
VEN,2010,18.7999992370605
VEN,2011,18.9099998474121
VEN,2012,19.6299991607666
VEN,2016,20.25
VEN,2017,22.8500003814697
VNM,2007,10.6700000762939
VNM,2009,10.2700004577637
VNM,2010,8.23999977111816
VNM,2011,8.28999996185303
VNM,2012,9.84000015258789
VNM,2013,10.5799999237061
VNM,2014,10.539999961853
VNM,2015,10.9899997711182
VNM,2016,10.9200000762939
VNM,2017,11.1199998855591
VNM,2018,10.0900001525879
VNM,2019,13.2399997711182
VNM,2020,14.1800003051758
VUT,2006,24.2399997711182
VUT,2009,26.3299999237061
VUT,2010,31.8500003814697
VUT,2019,34.5
WSM,2012,39.060001373291
WSM,2017,28.7399997711182
XKX,2012,35.8800010681152
XKX,2013,35.7700004577637
XKX,2014,30.2299995422363
XKX,2015,31.6800003051758
XKX,2016,30.2600002288818
XKX,2017,27.5599994659424
XKX,2018,29.6900005340576
XKX,2019,32.6100006103516
XKX,2020,33.4799995422363
YEM,2014,44.7700004577637
ZAF,2000,31.7900009155273
ZAF,2001,34.6500015258789
ZAF,2002,35.689998626709
ZAF,2003,36.5800018310547
ZAF,2004,35.3899993896484
ZAF,2005,34.4199981689453
ZAF,2006,33.3800010681152
ZAF,2007,32.6300010681152
ZAF,2013,30.3400001525879
ZAF,2014,29.9300003051758
ZAF,2015,28.9699993133545
ZAF,2016,29.3099994659424
ZAF,2017,28.8799991607666
ZAF,2018,29.6000003814697
ZAF,2019,30.5699996948242
ZAF,2020,29.8799991607666
ZMB,2008,12.9399995803833
ZMB,2017,42.8300018310547
ZMB,2018,32.8300018310547
ZMB,2019,32.5400009155273
ZMB,2020,31.0499992370605
ZWE,2011,17.2600002288818
ZWE,2014,16.5599994659424
ZWE,2019,29.3700008392334
